id,value
xBePrplM4OA_6_18.avi,A man is a a a
IBgsLmDcL78_80_84.avi,A man is a a a
WqQonRVs7WA_0_10.avi,A man is a a a
F2Ny7rq9RKs_139_148.avi,A man is a a a
D1tTBncIsm8_841_848.avi,A man is a a a
Z19zFlPah-o_6_11.avi,A man is a a a
drsPD5fI1IA_170_180.avi,A man is a a a
6t0BpjwYKco_71_76.avi,A man is a a a
Hu9Sq1RvuoA_19_62.avi,A man is a a a
hcCLIzzB1jQ_1_7.avi,A man is a a a
UXs3eq68ZjE_246_250.avi,A man is a a a
Ce7equ9zCxk_4_19.avi,A man is a a a
IWhrWLOAin0_1_4.avi,A man is a a a
HVR7KpItLfA_62_70.avi,A man is a a a
r2oI9Y-3wAo_21_28.avi,A man is a a a
E61HNXjgyqA_22_32.avi,A man is a a a
_o1UXSxTjfo_68_80.avi,A man is a a a
m1NR0uNNs5Y_192_198.avi,A man is a a a
kJY5BRCNAs4_3_6.avi,A man is a a a
QqYWLR47eLI_10_18.avi,A man is a a a
W8l_ezoU8Lc_76_86.avi,A man is a a a
s80J2dAUUyI_33_43.avi,A man is a a a
-mAoVOhKy0c_4_9.avi,A man is a a a
IhwPQL9dFYc_24_30.avi,A man is a a a
nhm_APPwhWk_6_12.avi,A man is a a a
jcIrD7rNvTM_10_21.avi,A man is a a a
cJOZp2ZftCw_1_12.avi,A man is a a a
0lh_UWF9ZP4_71_77.avi,A man is a a a
zv2RIbUsnSw_159_162.avi,A man is a a a
yd8jh9QYfEs_4_10.avi,A man is a a a
PqSZ89FqpiY_65_75.avi,A man is a a a
Kxa0mnDj0bs_15_20.avi,A man is a a a
cLNrpO6wBk4_37_47.avi,A man is a a a
nV3Wv8iHp4U_0_38.avi,A man is a a a
kNHivduxQWg_0_14.avi,A man is a a a
ACK7SekJWts_140_150.avi,A man is a a a
_QJbjKkfdcs_52_57.avi,A man is a a a
2jXxtQRy47A_30_38.avi,A man is a a a
QTAqjSbMkXU_65_75.avi,A man is a a a
PeUHy0A1GF0_28_32.avi,A man is a a a
0lh_UWF9ZP4_183_190.avi,A man is a a a
229NvV0SRHw_0_5.avi,A man is a a a
Sq7Vt6KC9Yg_17_35.avi,A man is a a a
a28s_wyqkyc_68_77.avi,A man is a a a
CTIKmoEigCI_3_30.avi,A man is a a a
FHwC2THZJfA_0_10.avi,A man is a a a
s8utHZYTNTs_35_42.avi,A man is a a a
nMBSDpB3WB8_5_14.avi,A man is a a a
vub04F8CWng_32_41.avi,A man is a a a
7EOqi_6rnkg_36_44.avi,A man is a a a
AzMrltkXGJk_0_10.avi,A man is a a a
gtixLEvO2Us_0_6.avi,A man is a a a
hoinj6vyQ2g_8_16.avi,A man is a a a
O9yLRzpPp44_167_190.avi,A man is a a a
Z3m9V8qPXhQ_13_24.avi,A man is a a a
uO7Eysrs8_k_80_90.avi,A man is a a a
dMH0bHeiRNg_3_14.avi,A man is a a a
MW21lp833Vo_143_149.avi,A man is a a a
jD4o_Lmy6bU_117_137.avi,A man is a a a
EA-J-Y6QjUo_40_61.avi,A man is a a a
5JSbxHECb-I_97_110.avi,A man is a a a
9BScZRpF7SI_31_36.avi,A man is a a a
z0Si1XxMibg_0_30.avi,A man is a a a
yOnRm3TP6hM_0_12.avi,A man is a a a
dJCtOz32dnw_40_60.avi,A man is a a a
Je3V7U5Ctj4_768_773.avi,A man is a a a
bDoCQEwghZU_201_211.avi,A man is a a a
WTf5EgVY5uU_15_19.avi,A man is a a a
dtwXtwJByYk_5_14.avi,A man is a a a
sFExO_PW22s_10_18.avi,A man is a a a
puineN1UMto_25_29.avi,A man is a a a
ulPvRmNfXK4_96_100.avi,A man is a a a
kWLNZzuo3do_48_53.avi,A man is a a a
Li3umATsU0E_1_5.avi,A man is a a a
UXs3eq68ZjE_49_54.avi,A man is a a a
rw9h_574HxE_70_74.avi,A man is a a a
F44bLc6t7-I_1_8.avi,A man is a a a
bxjFqtfJlMs_18_27.avi,A man is a a a
D1tTBncIsm8_248_254.avi,A man is a a a
kWLNZzuo3do_262_270.avi,A man is a a a
_WRC7HXBJpU_386_391.avi,A man is a a a
ZN2_czSBSD0_240_250.avi,A man is a a a
Z3rj9LbCOaM_0_12.avi,A man is a a a
Q-soOsOLIGQ_0_22.avi,A man is a a a
0hyZ__3YhZc_279_283.avi,A man is a a a
b_BuSVZwq6M_1_9.avi,A man is a a a
FWzsXeXCwuc_106_110.avi,A man is a a a
9LOJmQQktHA_10_18.avi,A man is a a a
inLBPVG8oEU_18_24.avi,A man is a a a
NV6pq1W-I4g_7_16.avi,A man is a a a
wzfkC2TjdeQ_0_31.avi,A man is a a a
VZ6H73nH7xs_27_33.avi,A man is a a a
-joBOHlg5J0_72_80.avi,A man is a a a
D1tTBncIsm8_681_688.avi,A man is a a a
x_8RiVI6rH8_41_54.avi,A man is a a a
fX5G_JwPlLo_640_660.avi,A man is a a a
_O9kWD8nuRU_70_76.avi,A man is a a a
NjblUomxFQo_100_108.avi,A man is a a a
nBJV56WUDng_38_47.avi,A man is a a a
2I20ZTFHheg_96_104.avi,A man is a a a
u4kMN1jamdM_10_20.avi,A man is a a a
unhiT2D6WvE_0_20.avi,A man is a a a
ObBss94n3gI_35_46.avi,A man is a a a
rw9h_574HxE_127_133.avi,A man is a a a
EBWPZIjtnTM_1_6.avi,A man is a a a
ficwZQYmRLE_5_20.avi,A man is a a a
0hyZ__3YhZc_352_356.avi,A man is a a a
jPBxl9gFqNY_110_117.avi,A man is a a a
Oq3FV_zdyy0_843_855.avi,A man is a a a
8PQiaurIiDM_143_151.avi,A man is a a a
05gNigkqfNU_11_23.avi,A man is a a a
t4vP-cXXWkY_14_20.avi,A man is a a a
EKL6elkbFy0_16_30.avi,A man is a a a
gnEE6oWoz7U_124_132.avi,A man is a a a
-_hbPLsZvvo_49_55.avi,A man is a a a
AjZ-R3LFMzo_18_23.avi,A man is a a a
aeA-HN7BMdo_52_58.avi,A man is a a a
2YhDTpzxd3c_149_154.avi,A man is a a a
Zqmx-nXhLAg_0_10.avi,A man is a a a
Ffv7fhL1EDY_177_184.avi,A man is a a a
a-cek0mvXxE_15_25.avi,A man is a a a
nq4hG6qgyPs_370_377.avi,A man is a a a
DLcuZ-HnHZc_0_10.avi,A man is a a a
auFXfsCzAvQ_1_15.avi,A man is a a a
MICawzo1MqI_3_13.avi,A man is a a a
HZqscSWtHmo_24_34.avi,A man is a a a
vloe_60s_dk_0_9.avi,A man is a a a
1dA1RQgPN3c_72_82.avi,A man is a a a
yyxtyCaEVqk_250_264.avi,A man is a a a
lfGlDg47How_93_98.avi,A man is a a a
Xxcv5jvRmcg_39_46.avi,A man is a a a
98shpdib9sg_55_62.avi,A man is a a a
VU4qLrk5axA_40_58.avi,A man is a a a
16iNk1hLJt4_37_40.avi,A man is a a a
e-sf-hyrkTs_20_35.avi,A man is a a a
wgrrQwLdME8_0_10.avi,A man is a a a
eTnlw7v8ea0_36_50.avi,A man is a a a
25NmudB2fqg_0_7.avi,A man is a a a
4PayIIIOeIs_230_238.avi,A man is a a a
9IrWyZ0KZuk_160_166.avi,A man is a a a
0hyZ__3YhZc_418_424.avi,A man is a a a
CHFXTeQWXjo_206_212.avi,A man is a a a
kWLNZzuo3do_206_213.avi,A man is a a a
Y4BeJ-64294_20_30.avi,A man is a a a
rwHT2SuNOi8_240_255.avi,A man is a a a
s0hwEUC5emA_127_132.avi,A man is a a a
NjCqtzZ3OtU_62_67.avi,A man is a a a
77iDIp40m9E_3_9.avi,A man is a a a
b97TK8XVLHE_40_50.avi,A man is a a a
VfqlfprZsaQ_75_85.avi,A man is a a a
n2NLoLNecgI_168_178.avi,A man is a a a
WV9K6MbLjHA_106_116.avi,A man is a a a
ACOmKiJDkA4_161_170.avi,A man is a a a
KPPCwmU5OHQ_227_238.avi,A man is a a a
xSmfK498DjI_1_20.avi,A man is a a a
WqwcWk1In_g_46_54.avi,A man is a a a
gqxpGOHUH9k_113_119.avi,A man is a a a
UbmZAe5u5FI_26_33.avi,A man is a a a
tzd3AYTZq0U_0_6.avi,A man is a a a
MWvCcwTw7Ac_154_181.avi,A man is a a a
KPPCwmU5OHQ_424_430.avi,A man is a a a
zTn-nNj5Bng_61_77.avi,A man is a a a
xy9LLUUZ6ic_50_60.avi,A man is a a a
8MVo7fje_oE_153_158.avi,A man is a a a
FTh5zPk34bQ_16_30.avi,A man is a a a
mbesJaS6vwg_187_195.avi,A man is a a a
UbmZAe5u5FI_111_115.avi,A man is a a a
qvg9eM4Hmzk_1_9.avi,A man is a a a
vulNlhUI6m0_7_27.avi,A man is a a a
urXDqw3S34I_12_17.avi,A man is a a a
OVEe1DMsOq0_43_52.avi,A man is a a a
9Q0JfdP36kI_19_27.avi,A man is a a a
J4otiwOjQy8_98_112.avi,A man is a a a
7d1d2WlEnKs_0_12.avi,A man is a a a
mF6ijhSrbBQ_32_40.avi,A man is a a a
nZSFn51l3hc_480_485.avi,A man is a a a
0hyZ__3YhZc_485_490.avi,A man is a a a
uxEhH6MPH28_69_85.avi,A man is a a a
ri5AyXzxb4o_201_215.avi,A man is a a a
ysTmUTQ5wZE_17_45.avi,A man is a a a
qeKX-N1nKiM_133_142.avi,A man is a a a
kWLNZzuo3do_251_260.avi,A man is a a a
4lXdVS697DQ_10_25.avi,A man is a a a
Kf8oZGHDTt4_4_13.avi,A man is a a a
lvFYUmDSOvU_34_38.avi,A man is a a a
crfrKqFp0Zg_15_25.avi,A man is a a a
6t0BpjwYKco_261_284.avi,A man is a a a
0SMOK2ql7Pg_5_12.avi,A man is a a a
88DOMJ11q2M_34_43.avi,A man is a a a
4_WZN7uW0NY_140_145.avi,A man is a a a
uO7Eysrs8_k_106_114.avi,A man is a a a
bmOy6p87TWI_26_35.avi,A man is a a a
aeA-HN7BMdo_16_33.avi,A man is a a a
BR4yQFZK9YM_101_110.avi,A man is a a a
KeSQ5Rv7eH8_73_79.avi,A man is a a a
nCtZFOYAlvQ_44_49.avi,A man is a a a
wFPmKChNrhU_3_11.avi,A man is a a a
y8SDRc4IOjs_94_99.avi,A man is a a a
d_BWuttLRFM_42_52.avi,A man is a a a
veE0E79dEEc_18_45.avi,A man is a a a
M_TP6UTrh30_343_358.avi,A man is a a a
NVGGgncVq-4_111_117.avi,A man is a a a
o_mWZWcm2r4_10_15.avi,A man is a a a
2YhDTpzxd3c_240_245.avi,A man is a a a
77iDIp40m9E_159_181.avi,A man is a a a
6ZhKOK08tgM_225_233.avi,A man is a a a
4wT7zM8XgXQ_5_11.avi,A man is a a a
f9_bP219ehQ_63_70.avi,A man is a a a
0hyZ__3YhZc_380_384.avi,A man is a a a
me1D1WZ0yNM_120_124.avi,A man is a a a
ItFqogTmAvQ_281_286.avi,A man is a a a
kRNHJSc4AXE_220_228.avi,A man is a a a
JXSkYkiKO0I_42_46.avi,A man is a a a
z_qf7tOnHVg_81_89.avi,A man is a a a
m1c04pCYGxA_57_64.avi,A man is a a a
kquB3rIgfGk_525_532.avi,A man is a a a
giLxPCgLLqg_9_19.avi,A man is a a a
IhwPQL9dFYc_130_136.avi,A man is a a a
L6dEUQ6WiHY_171_186.avi,A man is a a a
5U3xz9Ovmhk_9_15.avi,A man is a a a
jcRCn7MeSbo_71_82.avi,A man is a a a
9gbUM9oHBNI_557_563.avi,A man is a a a
gtIz1u8g1F0_3_13.avi,A man is a a a
8yuPGwxwdPs_1_10.avi,A man is a a a
IpHJffM3G1c_439_446.avi,A man is a a a
_JVxurtGIhI_32_42.avi,A man is a a a
VahnQw2gTQY_315_320.avi,A man is a a a
e4QGnppJ-ys_6_14.avi,A man is a a a
UqBafx3iRKw_22_29.avi,A man is a a a
u9E9HpuJQ7U_29_43.avi,A man is a a a
IiTzJQE67FA_36_46.avi,A man is a a a
aK8liAv-28s_72_82.avi,A man is a a a
DBvSfds3FH4_76_80.avi,A man is a a a
qqYysi3qotc_148_195.avi,A man is a a a
z2kUc8wp9l8_40_46.avi,A man is a a a
1rECrfrdNTo_200_207.avi,A man is a a a
kWLNZzuo3do_17_23.avi,A man is a a a
kWLNZzuo3do_152_164.avi,A man is a a a
UoPU8F9mus8_258_262.avi,A man is a a a
B4foOe9kUgY_0_8.avi,A man is a a a
_O9kWD8nuRU_77_81.avi,A man is a a a
LF51fban_x4_300_325.avi,A man is a a a
N6SglZopfmk_97_111.avi,A man is a a a
-dm-ds5rRaM_44_52.avi,A man is a a a
6t0BpjwYKco_254_258.avi,A man is a a a
ywMLb2VfHbI_13_20.avi,A man is a a a
-FugkxLmGO4_5_16.avi,A man is a a a
8yS2wqwActs_2_14.avi,A man is a a a
5XxshEdcfAM_96_107.avi,A man is a a a
6t0BpjwYKco_200_205.avi,A man is a a a
hxZ-5wELSJM_0_12.avi,A man is a a a
-wa0umYJVGg_271_276.avi,A man is a a a
l57mQZvDaL4_10_30.avi,A man is a a a
ItFqogTmAvQ_389_395.avi,A man is a a a
Ms3QdGIzltU_1_16.avi,A man is a a a
k8l4ETsylVY_9_18.avi,A man is a a a
q8t7iSGAKik_11_31.avi,A man is a a a
lsanQj2yacs_80_85.avi,A man is a a a
NMlKMfiHSho_1_15.avi,A man is a a a
OKBLPpAPp9c_2_17.avi,A man is a a a
BVilbVCo9sU_1_11.avi,A man is a a a
WTf5EgVY5uU_18_23.avi,A man is a a a
02Z-kuB3IaM_2_13.avi,A man is a a a
0hyZ__3YhZc_302_307.avi,A man is a a a
xXlWsBhFvis_6_10.avi,A man is a a a
TsagxA4DKuc_28_41.avi,A man is a a a
IhwPQL9dFYc_153_170.avi,A man is a a a
bxDlC7YV5is_0_12.avi,A man is a a a
pUPKsHTDZTo_70_85.avi,A man is a a a
SrDE9-cDz48_4_12.avi,A man is a a a
Gw0FU733zzg_58_66.avi,A man is a a a
BefkDBj5gSw_104_109.avi,A man is a a a
nq4hG6qgyPs_184_195.avi,A man is a a a
XtQdAPV2UZs_4_11.avi,A man is a a a
1dfR0A_BXjw_590_600.avi,A man is a a a
lfGlDg47How_110_115.avi,A man is a a a
elQqQfux7Po_12_22.avi,A man is a a a
gHyXstpe_N8_140_150.avi,A man is a a a
s7znbqra118_91_97.avi,A man is a a a
onW5hJXnI5s_10_16.avi,A man is a a a
hkkmKk9LcQk_36_43.avi,A man is a a a
MY-rGamtAJc_6_22.avi,A man is a a a
QklHhN8pQBE_0_10.avi,A man is a a a
Tied-t1fFsk_15_20.avi,A man is a a a
30PpKtVT8Z4_35_50.avi,A man is a a a
IhwPQL9dFYc_137_143.avi,A man is a a a
ACOmKiJDkA4_130_144.avi,A man is a a a
MF88IYF2MHY_25_59.avi,A man is a a a
6GJ1DNOGDAM_223_233.avi,A man is a a a
YRSOc193Pxc_68_73.avi,A man is a a a
W8l_ezoU8Lc_156_162.avi,A man is a a a
PHDmVhShE80_78_82.avi,A man is a a a
VahnQw2gTQY_288_293.avi,A man is a a a
tIMDKdMnNYM_266_273.avi,A man is a a a
dfOuTx66bJU_11_14.avi,A man is a a a
80D0ylOqPJ8_0_5.avi,A man is a a a
edqyq4Q-7uU_103_109.avi,A man is a a a
hW8TKz2Aea4_5_12.avi,A man is a a a
9Q0JfdP36kI_56_64.avi,A man is a a a
W_iR4YVCxUY_8_15.avi,A man is a a a
6njscWrdnM0_8_18.avi,A man is a a a
1sffYOXq4Iw_23_49.avi,A man is a a a
e40bBP0_AbE_64_67.avi,A man is a a a
O_Pst-uryQI_1_14.avi,A man is a a a
CquJjlNuotg_147_155.avi,A man is a a a
kk3TIio1-Uw_5_14.avi,A man is a a a
tqxRDVKtkSY_30_45.avi,A man is a a a
jdAbpLooDgM_10_15.avi,A man is a a a
8MVo7fje_oE_166_171.avi,A man is a a a
m1NR0uNNs5Y_224_230.avi,A man is a a a
Ms3QdGIzltU_10_20.avi,A man is a a a
JIoiUNOXGaI_98_104.avi,A man is a a a
aRo8x3xXeEA_3_8.avi,A man is a a a
qypmR4O1Gwk_0_10.avi,A man is a a a
98Alrg4pFXs_148_153.avi,A man is a a a
9HDUADeA2xg_3_31.avi,A man is a a a
fr9H1WLcF1A_326_336.avi,A man is a a a
kKGehSw5ht8_39_45.avi,A man is a a a
2HpZvL-_fiY_40_44.avi,A man is a a a
q-a6NEotUX8_5_10.avi,A man is a a a
fqly5kyO2MI_10_20.avi,A man is a a a
AKVBK-0veE8_5_12.avi,A man is a a a
klFyrnrUSck_87_100.avi,A man is a a a
ZnLgsasu82g_71_81.avi,A man is a a a
c2a0GcoJAjw_52_73.avi,A man is a a a
LwicaralvS0_90_104.avi,A man is a a a
3mbBbFH9fAg_21_29.avi,A man is a a a
kZfBt5me3Pg_2_7.avi,A man is a a a
J3_hkgu6MGc_43_52.avi,A man is a a a
HPFLN5azwtA_56_63.avi,A man is a a a
IhwPQL9dFYc_143_147.avi,A man is a a a
HN-ccxID8IM_3_10.avi,A man is a a a
fjDvKHkmxs0_119_126.avi,A man is a a a
hJFBXHtxKIc_118_123.avi,A man is a a a
4D1o4FC8YbA_29_39.avi,A man is a a a
0lh_UWF9ZP4_38_46.avi,A man is a a a
7M-jsjLB20Y_11_30.avi,A man is a a a
LyYJiKxHZz0_0_10.avi,A man is a a a
eZLxohGP4IE_147_158.avi,A man is a a a
0hyZ__3YhZc_341_348.avi,A man is a a a
VahnQw2gTQY_274_280.avi,A man is a a a
Rm-RnxN4oHA_215_225.avi,A man is a a a
3chNlP5TeO8_0_10.avi,A man is a a a
e996zZ0uV_A_152_163.avi,A man is a a a
c2MwqFYVE7A_40_45.avi,A man is a a a
0hyZ__3YhZc_388_394.avi,A man is a a a
m1NR0uNNs5Y_160_166.avi,A man is a a a
tZmDWltBziM_70_80.avi,A man is a a a
nc8hwLaOyZU_1_19.avi,A man is a a a
uVPnDJKt1M0_0_6.avi,A man is a a a
0lh_UWF9ZP4_165_170.avi,A man is a a a
BGG0uYWZBdw_6_12.avi,A man is a a a
yId1rg5-ac0_40_50.avi,A man is a a a
aeA-HN7BMdo_34_41.avi,A man is a a a
8MVo7fje_oE_85_90.avi,A man is a a a
iyAoiWeD53k_120_127.avi,A man is a a a
qvSxiVV7jhw_0_15.avi,A man is a a a
2YhDTpzxd3c_166_170.avi,A man is a a a
1mIyMRPV8kg_9_17.avi,A man is a a a
-AwoiGR6c8M_10_14.avi,A man is a a a
wsj_dzz33Ko_31_41.avi,A man is a a a
Je3V7U5Ctj4_634_639.avi,A man is a a a
1dfR0A_BXjw_524_532.avi,A man is a a a
GlW6n43pUQA_0_12.avi,A man is a a a
5PpPOGU_0aA_65_75.avi,A man is a a a
V--abChiVVc_30_40.avi,A man is a a a
9WpJxn-2h1o_122_150.avi,A man is a a a
B-Lsf7ZKf5c_10_25.avi,A man is a a a
_0nX-El-ySo_83_93.avi,A man is a a a
fr9H1WLcF1A_141_148.avi,A man is a a a
lGk1MA6YP-M_36_48.avi,A man is a a a
BefkDBj5gSw_233_240.avi,A man is a a a
88p7U5CnoYU_1_10.avi,A man is a a a
DcDYRpa34W8_11_25.avi,A man is a a a
lFyPUgJCmtU_100_110.avi,A man is a a a
q9ew_nITQWY_54_62.avi,A man is a a a
IhwPQL9dFYc_78_88.avi,A man is a a a
HqbVbPvlDoM_0_11.avi,A man is a a a
DIebwNHGjm8_27_38.avi,A man is a a a
r0E-0ntoNWo_20_30.avi,A man is a a a
aC-KOYQsIvU_25_31.avi,A man is a a a
HkpUWzNNVt4_20_30.avi,A man is a a a
u9prcUCHlqM_503_511.avi,A man is a a a
Qwn0Ni9G5ow_64_69.avi,A man is a a a
gHyXstpe_N8_116_125.avi,A man is a a a
fjDvKHkmxs0_72_87.avi,A man is a a a
WTf5EgVY5uU_100_104.avi,A man is a a a
YEmS8ZQIhTA_7_20.avi,A man is a a a
uy0HNWto0UY_18_25.avi,A man is a a a
hJFBXHtxKIc_286_291.avi,A man is a a a
lm0z7eLsbbw_9_23.avi,A man is a a a
sTMlQSbAGfE_0_12.avi,A man is a a a
xPR0xFgCAZY_17_27.avi,A man is a a a
rKF0ZW34FRk_41_54.avi,A man is a a a
mHv4iJ9Yr1g_10_16.avi,A man is a a a
vuvpbeQak9Q_23_29.avi,A man is a a a
Kqb-mmkEWqU_1_5.avi,A man is a a a
1RchFBCT9JU_43_53.avi,A man is a a a
zCf8NWJ8kzA_47_52.avi,A man is a a a
FavUpD_IjVY_22_26.avi,A man is a a a
ao-9B8IV9_E_87_95.avi,A man is a a a
-wa0umYJVGg_23_41.avi,A man is a a a
Gm1WnWVXYzQ_0_9.avi,A man is a a a
idRc_KkInds_0_6.avi,A man is a a a
X6uJyuD_Zso_3_17.avi,A man is a a a
xxHx6s_DbUo_202_207.avi,A man is a a a
6t0BpjwYKco_179_183.avi,A man is a a a
81fABEiwcIM_31_45.avi,A man is a a a
kBMsuhDvg88_45_64.avi,A man is a a a
s-dSFyz_5Ww_31_41.avi,A man is a a a
w9mqbwOIkVg_6_12.avi,A man is a a a
8e0yXMa708Y_24_33.avi,A man is a a a
6t0BpjwYKco_46_53.avi,A man is a a a
MJoxGpEswOI_9_16.avi,A man is a a a
Je3V7U5Ctj4_760_765.avi,A man is a a a
AjZ-R3LFMzo_24_38.avi,A man is a a a
Td29-SApubM_48_57.avi,A man is a a a
6t0BpjwYKco_80_84.avi,A man is a a a
PCXHuseKwDc_17_20.avi,A man is a a a
bmxIurBrW5s_51_70.avi,A man is a a a
1Dty_eGY9Ec_123_133.avi,A man is a a a
ACOmKiJDkA4_75_81.avi,A man is a a a
CL49s8bO6Fg_1_11.avi,A man is a a a
UXs3eq68ZjE_235_240.avi,A man is a a a
ry7AUQtuwdU_4_39.avi,A man is a a a
OBLIjdMIIt8_54_61.avi,A man is a a a
hNOzHvsEmg4_31_36.avi,A man is a a a
wn9rDTZj-m4_8_18.avi,A man is a a a
DvYN53KBDr0_51_62.avi,A man is a a a
8z-XGiU1KN4_9_17.avi,A man is a a a
-Ms9tsWmhyU_80_95.avi,A man is a a a
NVGGgncVq-4_12_20.avi,A man is a a a
8CzlhZtunNc_5_11.avi,A man is a a a
JIKaIriiK8w_0_15.avi,A man is a a a
3SKyc0aKx70_46_52.avi,A man is a a a
v_tGw5gwlEw_136_152.avi,A man is a a a
qIXs7fUoLIg_1_11.avi,A man is a a a
umjc1CkO4JA_290_305.avi,A man is a a a
xxHx6s_DbUo_57_61.avi,A man is a a a
kWLNZzuo3do_222_227.avi,A man is a a a
CcvJs77L-e8_15_22.avi,A man is a a a
eZLxohGP4IE_15_25.avi,A man is a a a
C_DDjCRxTxQ_1_4.avi,A man is a a a
PHDmVhShE80_36_46.avi,A man is a a a
SRzoLVNgHoI_56_66.avi,A man is a a a
9Q0JfdP36kI_167_170.avi,A man is a a a
TIubRrkku-4_1_10.avi,A man is a a a
9Q0JfdP36kI_23_28.avi,A man is a a a
5OuYhq6Zl0g_0_10.avi,A man is a a a
m1NR0uNNs5Y_273_280.avi,A man is a a a
ao-9B8IV9_E_72_77.avi,A man is a a a
2YhDTpzxd3c_223_232.avi,A man is a a a
xxHx6s_DbUo_36_40.avi,A man is a a a
u_6tre9_99Q_13_25.avi,A man is a a a
4yf2WP6K1gQ_28_32.avi,A man is a a a
RX6NSOuCCAE_13_27.avi,A man is a a a
emblM4a76jg_5_15.avi,A man is a a a
UgUFP5baQ9Y_0_7.avi,A man is a a a
ge7OOILJA6U_20_25.avi,A man is a a a
w28TljSqtW8_64_75.avi,A man is a a a
8yoUaH6wGLs_22_30.avi,A man is a a a
L8h2DazQZJY_0_10.avi,A man is a a a
YwmUgVrUJ4I_0_15.avi,A man is a a a
-wa0umYJVGg_139_157.avi,A man is a a a
oRBgVOiZVsc_16_22.avi,A man is a a a
39Ce7I6nXIw_96_104.avi,A man is a a a
Je3V7U5Ctj4_488_495.avi,A man is a a a
D2FbgK_kkE8_121_151.avi,A man is a a a
1kYWws89W3Y_0_5.avi,A man is a a a
0lh_UWF9ZP4_103_110.avi,A man is a a a
BtQEY2SL4g4_11_16.avi,A man is a a a
kEGmZDpZ_RE_248_293.avi,A man is a a a
dQmaVQZz7EE_1_18.avi,A man is a a a
BVjvRpmHg0w_231_250.avi,A man is a a a
omGWjiwxcTE_18_23.avi,A man is a a a
MrMG15y3rWU_5_13.avi,A man is a a a
eroAmLZ85DI_28_35.avi,A man is a a a
WTf5EgVY5uU_121_135.avi,A man is a a a
m1NR0uNNs5Y_57_64.avi,A man is a a a
otLEUwHao_E_140_151.avi,A man is a a a
57C93mpt6Xo_358_368.avi,A man is a a a
7s0AXJtLL0Y_57_61.avi,A man is a a a
0sUL0KCIc48_15_25.avi,A man is a a a
o_mWZWcm2r4_47_54.avi,A man is a a a
0hyZ__3YhZc_289_295.avi,A man is a a a
fMXfphSi6Yw_7_12.avi,A man is a a a
2YhDTpzxd3c_45_49.avi,A man is a a a
KPPCwmU5OHQ_480_486.avi,A man is a a a
nHZsE7T7hwI_13_23.avi,A man is a a a
hJFBXHtxKIc_163_168.avi,A man is a a a
Ya-MkA187c8_36_45.avi,A man is a a a
nrZyPuRd5pU_85_92.avi,A man is a a a
ZbtpcGi2DWY_56_62.avi,A man is a a a
JsD6uEZsIsU_45_58.avi,A man is a a a
XEOH3t5AYY0_22_29.avi,A man is a a a
yg4aNiO1JnI_111_114.avi,A man is a a a
XZ0Ch_ClBfo_120_127.avi,A man is a a a
IhwPQL9dFYc_171_175.avi,A man is a a a
s_ldnx8_etY_32_54.avi,A man is a a a
tHLiYTS9Iz8_1_16.avi,A man is a a a
4QYPZM01xFE_14_26.avi,A man is a a a
ht2oIYBSoI0_9_21.avi,A man is a a a
GPT4vUwlrXY_1_10.avi,A man is a a a
8MVo7fje_oE_180_185.avi,A man is a a a
SaYwh6chmiw_15_40.avi,A man is a a a
IiTzJQE67FA_74_86.avi,A man is a a a
BIqVvRh_cEY_143_149.avi,A man is a a a
gWRRHV7DLV0_21_31.avi,A man is a a a
cFzSEIGrEfA_0_24.avi,A man is a a a
-_hbPLsZvvo_5_8.avi,A man is a a a
4kQnrKvOTNg_15_24.avi,A man is a a a
0lh_UWF9ZP4_148_155.avi,A man is a a a
io2dbV-Qbus_215_247.avi,A man is a a a
GnwKcpfr_ng_47_57.avi,A man is a a a
x1i0UOssll8_141_151.avi,A man is a a a
KPPCwmU5OHQ_56_62.avi,A man is a a a
BvHnDAsMtUA_0_13.avi,A man is a a a
fd7Ky1lEPT8_40_50.avi,A man is a a a
VLBsAPZ2DDE_34_41.avi,A man is a a a
-_hbPLsZvvo_19_26.avi,A man is a a a
pFSoWsocv0g_8_17.avi,A man is a a a
C1MNCR1o9lU_0_7.avi,A man is a a a
_KMoC6ZdeXs_10_16.avi,A man is a a a
1qU-kF-km1Q_6_16.avi,A man is a a a
27hs9W89FuI_0_10.avi,A man is a a a
WEJfT-oB4v4_20_35.avi,A man is a a a
klFyrnrUSck_79_85.avi,A man is a a a
vMoOpQQy6sI_22_55.avi,A man is a a a
v7NpKUVqjpI_23_40.avi,A man is a a a
0piwbTivpDg_10_40.avi,A man is a a a
UXs3eq68ZjE_508_513.avi,A man is a a a
YJ2aGe7CLBo_25_35.avi,A man is a a a
fGc6_D0JEIQ_31_46.avi,A man is a a a
Z10_CDPQKKs_1_6.avi,A man is a a a
6sKdTbRkahM_6_12.avi,A man is a a a
UXs3eq68ZjE_194_200.avi,A man is a a a
fJr2evLANsE_0_10.avi,A man is a a a
jlahRlo4jlU_30_36.avi,A man is a a a
E4k0Aylzdyo_97_104.avi,A man is a a a
yyxtyCaEVqk_329_360.avi,A man is a a a
xxHx6s_DbUo_32_36.avi,A man is a a a
PeUHy0A1GF0_74_77.avi,A man is a a a
bQJQGoJF7_k_120_126.avi,A man is a a a
_7nP9z6T9m8_11_17.avi,A man is a a a
MW21lp833Vo_8_16.avi,A man is a a a
_WRC7HXBJpU_414_425.avi,A man is a a a
KIEWo_xJ5nU_0_7.avi,A man is a a a
kSzS_lFtJDk_55_70.avi,A man is a a a
7_XASfcYdBk_3_13.avi,A man is a a a
p69d3UBdpR8_98_109.avi,A man is a a a
-_hbPLsZvvo_211_219.avi,A man is a a a
DJWmm_Q9WvY_1_25.avi,A man is a a a
B7mP4zoDMwM_0_17.avi,A man is a a a
tYQ7O6V0Fvk_20_55.avi,A man is a a a
ZdNP0dXCx2I_78_90.avi,A man is a a a
30GeJHYoerk_63_75.avi,A man is a a a
wgrrQwLdME8_66_74.avi,A man is a a a
u9prcUCHlqM_235_241.avi,A man is a a a
QA_JTtM1hKA_5_15.avi,A man is a a a
4D1o4FC8YbA_207_216.avi,A man is a a a
SULWQEAErKw_13_26.avi,A man is a a a
b4mJ3AQc-ag_30_34.avi,A man is a a a
7OGizkf_JEo_191_194.avi,A man is a a a
2YhDTpzxd3c_98_101.avi,A man is a a a
ruNrdmjcNTc_0_5.avi,A man is a a a
JhCvLmf9yr0_46_50.avi,A man is a a a
WeOU0Iba1Xg_1_30.avi,A man is a a a
xb-Nacm-pKc_78_82.avi,A man is a a a
1N_Ic2pBM1o_2_23.avi,A man is a a a
PuQVs2Ch1LY_5_15.avi,A man is a a a
HzYtvOYOEoU_21_32.avi,A man is a a a
WTf5EgVY5uU_66_75.avi,A man is a a a
5XxshEdcfAM_85_100.avi,A man is a a a
e-j59PqJjSM_163_173.avi,A man is a a a
lexLAjh8fPA_27_31.avi,A man is a a a
GnwKcpfr_ng_10_20.avi,A man is a a a
8MVo7fje_oE_139_144.avi,A man is a a a
QhRqJp-CgEs_7_14.avi,A man is a a a
i2GgBwlwV0c_24_31.avi,A man is a a a
iTA0rWPE4nY_17_23.avi,A man is a a a
8MVo7fje_oE_130_136.avi,A man is a a a
PugziVUikEg_117_140.avi,A man is a a a
X7sQq-Iu1gQ_12_22.avi,A man is a a a
TPhpsIK7pDc_25_32.avi,A man is a a a
UhI-p6AysWY_25_30.avi,A man is a a a
6RlYLTU5gvM_18_24.avi,A man is a a a
wpUT0DNB3qs_9_19.avi,A man is a a a
Zoz0HcCB1vU_0_10.avi,A man is a a a
JXSkYkiKO0I_112_116.avi,A man is a a a
j1Z890_Q3so_131_138.avi,A man is a a a
4t5POXt2e68_5_11.avi,A man is a a a
b24_bb57PPk_631_637.avi,A man is a a a
lR8RrUBhCQg_5_15.avi,A man is a a a
rq2p5ML8-WI_63_69.avi,A man is a a a
suj4VNfZz5E_33_50.avi,A man is a a a
h0JvF9vpqx8_213_223.avi,A man is a a a
6ZhKOK08tgM_45_49.avi,A man is a a a
V4q5dQmpxIE_20_30.avi,A man is a a a
YmXCfQm0_CA_68_75.avi,A man is a a a
eKtsMfmQ_0s_61_68.avi,A man is a a a
MJNStEgDKXU_3_10.avi,A man is a a a
z1PEyzk4ADU_8_18.avi,A man is a a a
hPyU5KjpWVc_0_35.avi,A man is a a a
0lh_UWF9ZP4_191_197.avi,A man is a a a
ZxqkAGNyo8A_12_22.avi,A man is a a a
0lh_UWF9ZP4_82_87.avi,A man is a a a
EVqc7e8JCco_5_15.avi,A man is a a a
Gh4Beb8StFM_29_50.avi,A man is a a a
yYA7YXIKbg4_9_14.avi,A man is a a a
BVy9SQI5R68_0_7.avi,A man is a a a
SzEbtbNSg04_111_117.avi,A man is a a a
8D_oQnBPfNo_43_50.avi,A man is a a a
qIk_Dz5XE5E_104_109.avi,A man is a a a
WPG-BIWOrG4_635_640.avi,A man is a a a
gqSOvUH_njE_151_155.avi,A man is a a a
kWLNZzuo3do_228_232.avi,A man is a a a
i3cHNObcEh8_0_10.avi,A man is a a a
FH8vgAp4VDU_10_14.avi,A man is a a a
s20OlIRK340_147_174.avi,A man is a a a
Pr5LQq42l4M_12_17.avi,A man is a a a
swJ0zhVJ8DU_15_21.avi,A man is a a a
UbmZAe5u5FI_36_40.avi,A man is a a a
xfRIRSWy0y0_10_20.avi,A man is a a a
WTf5EgVY5uU_94_98.avi,A man is a a a
_O9kWD8nuRU_50_56.avi,A man is a a a
XdB0pVjFYoU_1_8.avi,A man is a a a
21uB8g-jDZI_70_79.avi,A man is a a a
ghynaoVNwZc_1_20.avi,A man is a a a
6t0BpjwYKco_230_240.avi,A man is a a a
JledeVyklPw_1_6.avi,A man is a a a
HZ-BuDDmvVk_0_10.avi,A man is a a a
rw9h_574HxE_59_66.avi,A man is a a a
klFyrnrUSck_63_73.avi,A man is a a a
UXs3eq68ZjE_313_318.avi,A man is a a a
xgIIcPSh4EU_0_6.avi,A man is a a a
DN7jwyL1Xgg_1_19.avi,A man is a a a
_xf24TYgbuY_14_20.avi,A man is a a a
lB1UPJ4leqs_1_6.avi,A man is a a a
jTaLGh_MKCM_5_20.avi,A man is a a a
WTf5EgVY5uU_104_108.avi,A man is a a a
M4It3DrhbE0_13_22.avi,A man is a a a
aQWCKcg0VRU_321_339.avi,A man is a a a
p69Q8lTkZTc_21_29.avi,A man is a a a
5U3xz9Ovmhk_99_105.avi,A man is a a a
-8y1Q0rA3n8_108_115.avi,A man is a a a
kWLNZzuo3do_192_196.avi,A man is a a a
EPgQ9QwbsLE_16_23.avi,A man is a a a
ZDoy9S82ETA_5_15.avi,A man is a a a
rw9h_574HxE_13_18.avi,A man is a a a
uH8ObB_dyOk_159_166.avi,A man is a a a
fEsrO_poIUg_161_168.avi,A man is a a a
-8y1Q0rA3n8_95_102.avi,A man is a a a
JMUAylpXzG0_45_62.avi,A man is a a a
iwpnUHFhjWc_84_94.avi,A man is a a a
-_hbPLsZvvo_18_25.avi,A man is a a a
o4pL7FObqds_243_263.avi,A man is a a a
ZdlG8fjGJlo_78_87.avi,A man is a a a
xxHx6s_DbUo_240_248.avi,A man is a a a
uZEGu-TA2cU_42_58.avi,A man is a a a
krAk8WPZRL4_207_212.avi,A man is a a a
6r5DmFa5ZR8_51_58.avi,A man is a a a
kEGmZDpZ_RE_295_330.avi,A man is a a a
hJFBXHtxKIc_204_209.avi,A man is a a a
dtn0PuxgfkM_0_5.avi,A man is a a a
5l6acVf12S4_7_13.avi,A man is a a a
05gNigkqfNU_24_32.avi,A man is a a a
q-JHcsqJXWY_0_8.avi,A man is a a a
JnNe61UZsdM_42_51.avi,A man is a a a
-wa0umYJVGg_168_176.avi,A man is a a a
SzEbtbNSg04_70_85.avi,A man is a a a
WTx-K045yQM_85_98.avi,A man is a a a
GopEjCCu2jo_2_9.avi,A man is a a a
PeUHy0A1GF0_62_66.avi,A man is a a a
4PcL6-mjRNk_47_55.avi,A man is a a a
6t0BpjwYKco_105_110.avi,A man is a a a
xxHx6s_DbUo_49_56.avi,A man is a a a
ybVb3t560oY_0_9.avi,A man is a a a
AjZ-R3LFMzo_5_10.avi,A man is a a a
lc9bA-hvqHU_1_6.avi,A man is a a a
XzCcRzEa83U_39_46.avi,A man is a a a
-rkErLY0rRc_26_35.avi,A man is a a a
uiLr9bdOL0M_23_30.avi,A man is a a a
1QVn0FffExM_14_24.avi,A man is a a a
qPXynwa_2iM_15_25.avi,A man is a a a
_WRC7HXBJpU_395_401.avi,A man is a a a
ZsrPKtx0qyg_7_15.avi,A man is a a a
GY5Dl00LrEI_2_13.avi,A man is a a a
YXixZrSxefk_49_59.avi,A man is a a a
8MVo7fje_oE_108_113.avi,A man is a a a
qNjeEx92rTA_281_299.avi,A man is a a a
vE1gvaM3iAs_39_46.avi,A man is a a a
Els1Cclg_sk_4_15.avi,A man is a a a
HDcIB1e9s5A_28_34.avi,A man is a a a
hJFBXHtxKIc_225_230.avi,A man is a a a
m1NR0uNNs5Y_123_129.avi,A man is a a a
JIoiUNOXGaI_34_41.avi,A man is a a a
gbW9f8xydks_0_10.avi,A man is a a a
DKZg4kIEa0A_31_36.avi,A man is a a a
Uc63MFVwfrs_355_372.avi,A man is a a a
dJ3ba9zwx6c_5_15.avi,A man is a a a
00jrXRMlZOY_0_10.avi,A man is a a a
-wa0umYJVGg_117_123.avi,A man is a a a
X0UJaprpxrk_18_26.avi,A man is a a a
OaBmAg6gz30_4_18.avi,A man is a a a
Je3V7U5Ctj4_504_511.avi,A man is a a a
9LHg5RUGukI_63_68.avi,A man is a a a
EdrZtaBUXIo_25_29.avi,A man is a a a
-_hbPLsZvvo_323_328.avi,A man is a a a
gbUhorqLCzU_10_23.avi,A man is a a a
O2qiPS2NCeY_2_18.avi,A man is a a a
PQbkdRbir0M_45_53.avi,A man is a a a
kWLNZzuo3do_38_47.avi,A man is a a a
Rq_VfjGH7kg_104_110.avi,A man is a a a
PeUHy0A1GF0_105_112.avi,A man is a a a
0vmoZEaN_-o_4_12.avi,A man is a a a
NaX51emUDn4_0_20.avi,A man is a a a
GPyFZMJ5Dow_56_70.avi,A man is a a a
-pUwIypksfE_13_23.avi,A man is a a a
mCrRHP4LFmo_24_40.avi,A man is a a a
R8FDJgVW3Vc_0_4.avi,A man is a a a
5CS4nLI2ZX8_50_59.avi,A man is a a a
5fq9iIxxA1s_12_27.avi,A man is a a a
ACOmKiJDkA4_175_182.avi,A man is a a a
3n_Kqak2JdA_48_71.avi,A man is a a a
zfQOH4UGU_I_1_10.avi,A man is a a a
yPNFVj-pISU_105_115.avi,A man is a a a
YXixZrSxefk_17_48.avi,A man is a a a
btuxO-C2IzE_64_72.avi,A man is a a a
pGCRurvXQGM_45_56.avi,A man is a a a
WTf5EgVY5uU_218_236.avi,A man is a a a
XzCcRzEa83U_1_8.avi,A man is a a a
K1ZM0LSLVw8_488_494.avi,A man is a a a
kquB3rIgfGk_640_645.avi,A man is a a a
lFdg5CWMTt0_24_28.avi,A man is a a a
O06WXS_XZN0_0_6.avi,A man is a a a
g2IYQq7IkXc_124_132.avi,A man is a a a
JktNQQnLblQ_4_9.avi,A man is a a a
BtQEY2SL4g4_126_132.avi,A man is a a a
IytNBm8WA1c_63_67.avi,A man is a a a
Yh2N6ZtRBdU_110_120.avi,A man is a a a
E6sqA9QtV5I_195_201.avi,A man is a a a
R24RktgUi-s_5_15.avi,A man is a a a
Qp-k0H93iJE_35_39.avi,A man is a a a
6t0BpjwYKco_53_59.avi,A man is a a a
sm0OYD0NSbQ_51_59.avi,A man is a a a
rlQ2kW-FvMk_66_79.avi,A man is a a a
buJ5HDCinrM_150_166.avi,A man is a a a
nLvX-erABqY_67_72.avi,A man is a a a
_txL575S_OA_13_23.avi,A man is a a a
hJuqBDw_TT4_105_112.avi,A man is a a a
BVjvRpmHg0w_121_130.avi,A man is a a a
fkONJEgTNJY_25_35.avi,A man is a a a
qhknaG9ifbs_122_127.avi,A man is a a a
IiIiY6o-C9k_49_55.avi,A man is a a a
HO_ovIrLWfQ_1_11.avi,A man is a a a
K1ZM0LSLVw8_481_487.avi,A man is a a a
ok4cM6WTA5E_142_150.avi,A man is a a a
fnpp8v9NbmY_181_188.avi,A man is a a a
DBvSfds3FH4_84_88.avi,A man is a a a
x_7BrCQdVUs_172_177.avi,A man is a a a
_ZwwKOzpt2I_69_76.avi,A man is a a a
nBFhvrAOFqY_23_29.avi,A man is a a a
_O9kWD8nuRU_25_35.avi,A man is a a a
Cxxx6wJ1jNo_0_10.avi,A man is a a a
4Tn5S48sCwg_110_118.avi,A man is a a a
fr9H1WLcF1A_256_261.avi,A man is a a a
6owu8Mow0_g_384_389.avi,A man is a a a
LEz0puaKNTk_38_48.avi,A man is a a a
zTn-nNj5Bng_8_19.avi,A man is a a a
gyOVZz7kXyM_1_10.avi,A man is a a a
YS1mzzhmWWA_9_16.avi,A man is a a a
0lh_UWF9ZP4_21_26.avi,A man is a a a
kWLNZzuo3do_145_151.avi,A man is a a a
bSrpvMSuhPM_17_31.avi,A man is a a a
UXs3eq68ZjE_382_387.avi,A man is a a a
TZ860P4iTaM_11_20.avi,A man is a a a
BVjvRpmHg0w_47_51.avi,A man is a a a
LQ-jv8g1YVI_1_6.avi,A man is a a a
30GeJHYoerk_80_85.avi,A man is a a a
IEQyCcageGg_99_126.avi,A man is a a a
kWLNZzuo3do_56_62.avi,A man is a a a
_OBlgSz8sSM_15_32.avi,A man is a a a
nBFhvrAOFqY_89_103.avi,A man is a a a
lKADopH3qFY_0_10.avi,A man is a a a
DIebwNHGjm8_133_148.avi,A man is a a a
zr9OeyfLPPY_4_9.avi,A man is a a a
WPG-BIWOrG4_755_761.avi,A man is a a a
pdrBPJYfTC8_33_39.avi,A man is a a a
62I8I4sCPPQ_12_30.avi,A man is a a a
PCXHuseKwDc_68_76.avi,A man is a a a
D9I1Z6O_mbw_112_119.avi,A man is a a a
pfQPRXcihkI_135_144.avi,A man is a a a
j7xz1nos-xc_10_20.avi,A man is a a a
UXs3eq68ZjE_209_214.avi,A man is a a a
0vmoZEaN_-o_5_21.avi,A man is a a a
6owu8Mow0_g_302_307.avi,A man is a a a
kWLNZzuo3do_31_37.avi,A man is a a a
xtbsD3PUua4_174_185.avi,A man is a a a
kWLNZzuo3do_25_32.avi,A man is a a a
74tRCYS_534_49_57.avi,A man is a a a
JnNe61UZsdM_78_88.avi,A man is a a a
Kms3EXosNS0_8_17.avi,A man is a a a
0NPtAv3_uVI_46_54.avi,A man is a a a
wNv74rvkAw8_30_40.avi,A man is a a a
hW8TKz2Aea4_40_50.avi,A man is a a a
zH4v_DClIoc_3_28.avi,A man is a a a
i3fd4nE8OCI_174_181.avi,A man is a a a
Lyp7MiaCXNE_114_120.avi,A man is a a a
dZBIdRGKRhM_13_32.avi,A man is a a a
gGDtPJzh_0s_30_45.avi,A man is a a a
OCcy9TDRGKo_41_51.avi,A man is a a a
IpHJffM3G1c_412_418.avi,A man is a a a
4UOVKok7j1U_1_8.avi,A man is a a a
kquB3rIgfGk_197_202.avi,A man is a a a
ok4cM6WTA5E_178_184.avi,A man is a a a
P6eo3LULuuc_1_11.avi,A man is a a a
ItFqogTmAvQ_240_246.avi,A man is a a a
bQJQGoJF7_k_162_169.avi,A man is a a a
o2X6UCaNqKA_27_36.avi,A man is a a a
nd0ToNwccl4_12_17.avi,A man is a a a
EjAoBKagWQA_132_145.avi,A man is a a a
-_hbPLsZvvo_269_275.avi,A man is a a a
EwTZ2xpQwpA_14_21.avi,A man is a a a
O9yLRzpPp44_36_55.avi,A man is a a a
4s_0-zIWEog_1_15.avi,A man is a a a
1_6V30igzIk_5_15.avi,A man is a a a
cSDkshD2ME0_11_14.avi,A man is a a a
YmXCfQm0_CA_50_57.avi,A man is a a a
l5JJ2n2ggiQ_319_327.avi,A man is a a a
HJHPB_Y8GZE_22_28.avi,A man is a a a
77iDIp40m9E_119_123.avi,A man is a a a
60x_yxy7Sfw_1_7.avi,A man is a a a
AE9UaQwum8c_0_10.avi,A man is a a a
IiIiY6o-C9k_59_64.avi,A man is a a a
G_hxdUG6QXE_23_28.avi,A man is a a a
h0JvF9vpqx8_36_42.avi,A man is a a a
0hyZ__3YhZc_598_603.avi,A man is a a a
x68Djm_Q0GA_0_10.avi,A man is a a a
SzEbtbNSg04_71_93.avi,A man is a a a
yNy9jTeolUk_8_12.avi,A man is a a a
LLkehH86ABY_30_36.avi,A man is a a a
C12BRGGcd5E_101_117.avi,A man is a a a
64Xn9edeWRA_0_11.avi,A man is a a a
cCmnN96zIeQ_14_24.avi,A man is a a a
D9I1Z6O_mbw_141_146.avi,A man is a a a
j2Dhf-xFUxU_20_29.avi,A man is a a a
Sg5rTYrkpnU_35_48.avi,A man is a a a
mmSQTI6gMNQ_15_21.avi,A man is a a a
sMscRb9TcQE_146_161.avi,A man is a a a
pqTWUzehCUM_42_47.avi,A man is a a a
gCra4qOrjFw_1_17.avi,A man is a a a
UgUFP5baQ9Y_0_10.avi,A man is a a a
FOOM-wA2rOY_77_86.avi,A man is a a a
s-dSFyz_5Ww_13_23.avi,A man is a a a
5dZ8PXABC30_14_20.avi,A man is a a a
m1NR0uNNs5Y_104_110.avi,A man is a a a
PeUHy0A1GF0_51_55.avi,A man is a a a
aJoDt4DMkFU_118_124.avi,A man is a a a
QsvBYKaCXEc_5_15.avi,A man is a a a
W8l_ezoU8Lc_55_70.avi,A man is a a a
nPj6EcVGoUY_7_15.avi,A man is a a a
2MCpA01Sn_c_75_82.avi,A man is a a a
gHyXstpe_N8_95_100.avi,A man is a a a
nZSFn51l3hc_318_326.avi,A man is a a a
Sj6GSmDpNDw_0_12.avi,A man is a a a
kWLNZzuo3do_167_181.avi,A man is a a a
ifS2nXfCyYo_4_34.avi,A man is a a a
clKtfGBVI1I_15_28.avi,A man is a a a
oeaVXK2GAyc_4_21.avi,A man is a a a
Ugb_uH72d0I_8_17.avi,A man is a a a
H9Oplnr8WcE_24_34.avi,A man is a a a
ggic669elLM_200_215.avi,A man is a a a
0lh_UWF9ZP4_50_60.avi,A man is a a a
zMg9dChF97A_12_38.avi,A man is a a a
Lr8ds5iY5uk_8_15.avi,A man is a a a
qDjtN7xxNr4_44_51.avi,A man is a a a
6t0BpjwYKco_240_247.avi,A man is a a a
VahnQw2gTQY_298_305.avi,A man is a a a
_O9kWD8nuRU_45_49.avi,A man is a a a
zYcY4mjLpxU_104_118.avi,A man is a a a
hEOGZoYSvT4_82_86.avi,A man is a a a
-wa0umYJVGg_100_115.avi,A man is a a a
UxhKb-zZoWE_0_15.avi,A man is a a a
tYh4iDFgmEE_10_14.avi,A man is a a a
QsC8__3lwO0_50_60.avi,A man is a a a
ACOmKiJDkA4_49_54.avi,A man is a a a
PTxHJMM6hHE_0_15.avi,A man is a a a
0lh_UWF9ZP4_157_160.avi,A man is a a a
lb8J2zCQTlo_3_8.avi,A man is a a a
05gNigkqfNU_25_34.avi,A man is a a a
o4pL7FObqds_72_78.avi,A man is a a a
xxHx6s_DbUo_173_177.avi,A man is a a a
bAYIIlX-WWw_5_15.avi,A man is a a a
-vg3vR86fu0_1_6.avi,A man is a a a
rw9h_574HxE_229_236.avi,A man is a a a
sWqi41wyXcQ_68_79.avi,A man is a a a
ub-aYLzCF_Q_1_10.avi,A man is a a a
xaPepCVepCg_35_46.avi,A man is a a a
z9qbQX4J_2g_0_14.avi,A man is a a a
-DRy7rBg0IQ_31_37.avi,A man is a a a
UbmZAe5u5FI_101_110.avi,A man is a a a
WTf5EgVY5uU_54_58.avi,A man is a a a
xtbsD3PUua4_84_94.avi,A man is a a a
tn1d5DmdMqY_15_28.avi,A man is a a a
q7pOFn8s4zc_27_36.avi,A man is a a a
L6dEUQ6WiHY_136_142.avi,A man is a a a
kquB3rIgfGk_537_544.avi,A man is a a a
vpR0L3sIvoo_15_49.avi,A man is a a a
4ikH9ZRcF2Q_89_105.avi,A man is a a a
YmXCfQm0_CA_7_16.avi,A man is a a a
KPPCwmU5OHQ_258_266.avi,A man is a a a
tmAX2PnRCY0_284_292.avi,A man is a a a
W8_63NiTENw_23_30.avi,A man is a a a
Lt1JijkvSKk_0_10.avi,A man is a a a
n6U-TGahwvs_100_110.avi,A man is a a a
WG0J2B19ZT8_1_33.avi,A man is a a a
5-8z5U-o4O4_0_3.avi,A man is a a a
ITNh8tWZPOA_5_25.avi,A man is a a a
oDcd2JbOyzg_85_98.avi,A man is a a a
HkuOqWzXYVg_0_12.avi,A man is a a a
r2PM0om2El8_18_25.avi,A man is a a a
izU1dDwnuMY_80_92.avi,A man is a a a
swKrHEeOj9c_4_8.avi,A man is a a a
hksxtbcS780_7_14.avi,A man is a a a
KUc1cWKXjDc_20_30.avi,A man is a a a
p9g06ktIkJg_4_11.avi,A man is a a a
ZK4W-2ifl6I_1_28.avi,A man is a a a
c_-eFL7Sfw4_19_35.avi,A man is a a a
ItFqogTmAvQ_48_52.avi,A man is a a a
NKtfKR4GNjU_0_20.avi,A man is a a a
hJFBXHtxKIc_310_315.avi,A man is a a a
VuCFgiWfVF4_0_6.avi,A man is a a a
LqPIBHAmt4E_22_30.avi,A man is a a a
0ONJfp95yoE_1_10.avi,A man is a a a
JIoiUNOXGaI_8_13.avi,A man is a a a
kI6MWZrl8v8_149_161.avi,A man is a a a
MWvCcwTw7Ac_78_86.avi,A man is a a a
m1NR0uNNs5Y_73_78.avi,A man is a a a
6t0BpjwYKco_142_151.avi,A man is a a a
r4qv_BNlQNk_119_124.avi,A man is a a a
IpHJffM3G1c_464_470.avi,A man is a a a
6gQu8PWhFoQ_30_35.avi,A man is a a a
-YI0cxuNcq8_262_272.avi,A man is a a a
ao-9B8IV9_E_108_119.avi,A man is a a a
DAmOfcvfKZ0_22_32.avi,A man is a a a
-_hbPLsZvvo_288_305.avi,A man is a a a
ZYaxg5NZW_g_21_27.avi,A man is a a a
pcjuCotJYj8_50_62.avi,A man is a a a
BOv-2HzNPaA_7_12.avi,A man is a a a
oFUsn1owAbs_158_168.avi,A man is a a a
MHWxjWwAbwM_10_25.avi,A man is a a a
s20OlIRK340_125_138.avi,A man is a a a
BOLKaQeB6j0_101_111.avi,A man is a a a
-s4-6QTT7HE_235_241.avi,A man is a a a
yyxtyCaEVqk_321_328.avi,A man is a a a
cmQ3SiIaWy4_4_20.avi,A man is a a a
fMFvOgb4k6E_35_43.avi,A man is a a a
2G9fkvBzzQE_10_20.avi,A man is a a a
-rkErLY0rRc_63_67.avi,A man is a a a
-wa0umYJVGg_286_290.avi,A man is a a a
ul9Xvjt83eI_111_120.avi,A man is a a a
xOQn1z_oWDY_30_39.avi,A man is a a a
hXn7D6-AAMA_0_9.avi,A man is a a a
W1052h2rzoA_91_98.avi,A man is a a a
_WRC7HXBJpU_451_464.avi,A man is a a a
iarsmqA3dck_19_25.avi,A man is a a a
9OxQ-2gR1DU_18_38.avi,A man is a a a
tBj4Ny19vfQ_54_59.avi,A man is a a a
ejgwQqCHN1E_7_12.avi,A man is a a a
-bjOB4zS0uE_100_105.avi,A man is a a a
AoNnzlGhI04_112_128.avi,A man is a a a
e3XkmpNcSt4_8_19.avi,A man is a a a
08pVpBq706k_175_212.avi,A man is a a a
pGsU4FekJQM_10_18.avi,A man is a a a
WPG-BIWOrG4_608_613.avi,A man is a a a
labytsb3gfI_146_154.avi,A man is a a a
zzit5b_-ukg_5_20.avi,A man is a a a
Ow_o78zjo14_42_57.avi,A man is a a a
lAznAeFFldg_6_10.avi,A man is a a a
Ud3Qy8m6OxQ_52_62.avi,A man is a a a
qeKX-N1nKiM_123_130.avi,A man is a a a
6t0BpjwYKco_59_69.avi,A man is a a a
xxHx6s_DbUo_121_128.avi,A man is a a a
kWLNZzuo3do_147_153.avi,A man is a a a
zWVQImPY2Cc_27_44.avi,A man is a a a
FxIuFwMhOu8_18_26.avi,A man is a a a
c_XV7nPoRg8_2_12.avi,A man is a a a
c76tShLfQb0_74_81.avi,A man is a a a
TF6LNmwDr_0_2_10.avi,A man is a a a
kWLNZzuo3do_76_80.avi,A man is a a a
ePujnD4qJO0_62_77.avi,A man is a a a
d7eGypGOlOc_13_22.avi,A man is a a a
IhwPQL9dFYc_61_75.avi,A man is a a a
d4AGWnHJcaY_6_19.avi,A man is a a a
Je3V7U5Ctj4_997_1004.avi,A man is a a a
bQJQGoJF7_k_109_115.avi,A man is a a a
_WRC7HXBJpU_360_370.avi,A man is a a a
sXyjCgR0rAc_0_11.avi,A man is a a a
gIvetX_oXeI_85_90.avi,A man is a a a
QGJy1K91gP4_90_100.avi,A man is a a a
kBjUDCyDCuI_20_26.avi,A man is a a a
xdhLQCYQ-nQ_50_63.avi,A man is a a a
J7zb8YXrmIA_93_99.avi,A man is a a a
5zkCnHUnoYY_69_74.avi,A man is a a a
j4dMnAPZu70_11_18.avi,A man is a a a
ACOmKiJDkA4_146_153.avi,A man is a a a
d1zdJO3CqVw_1_35.avi,A man is a a a
NNYLo1OeZ-Q_48_54.avi,A man is a a a
SzEbtbNSg04_214_224.avi,A man is a a a
4QdX5Q3qQsQ_38_44.avi,A man is a a a
pQYEZTwSVbQ_12_18.avi,A man is a a a
Vn0Xv0fb1z4_18_30.avi,A man is a a a
_9iG5Ge01PM_3_11.avi,A man is a a a
qew09qQgMAg_22_27.avi,A man is a a a
C2rDp6FnbP0_10_17.avi,A man is a a a
UbmZAe5u5FI_44_55.avi,A man is a a a
Uc63MFVwfrs_360_372.avi,A man is a a a
jsEUFYhiqxU_121_128.avi,A man is a a a
0hyZ__3YhZc_364_370.avi,A man is a a a
2YhDTpzxd3c_22_27.avi,A man is a a a
0bSz70pYAP0_5_15.avi,A man is a a a
ao-9B8IV9_E_175_187.avi,A man is a a a
Z3XarHZ3HpY_10_17.avi,A man is a a a
ZvJvNcukZ4w_0_10.avi,A man is a a a
0hyZ__3YhZc_562_568.avi,A man is a a a
WTf5EgVY5uU_130_135.avi,A man is a a a
-vKO3uSG6Do_3_14.avi,A man is a a a
0lh_UWF9ZP4_215_226.avi,A man is a a a
MdOAr_4FJvc_5_15.avi,A man is a a a
HYbEf-JKZnA_13_26.avi,A man is a a a
qeKX-N1nKiM_74_77.avi,A man is a a a
aHiUM8uWxxo_17_25.avi,A man is a a a
aDjNl5gs4nM_18_47.avi,A man is a a a
HJHPB_Y8GZE_259_263.avi,A man is a a a
OxL9z2BzBnk_0_19.avi,A man is a a a
qzQzooI4BqU_5_15.avi,A man is a a a
WPG-BIWOrG4_130_134.avi,A man is a a a
6KS8R3RxrV8_0_23.avi,A man is a a a
PeUHy0A1GF0_122_127.avi,A man is a a a
CHVhwcOg6y8_1_12.avi,A man is a a a
ZlX_Gy4HP2E_38_55.avi,A man is a a a
TFJ6oR89Vb8_90_107.avi,A man is a a a
xBW_uR3kGr4_42_55.avi,A man is a a a
0RWJEOScToE_414_421.avi,A man is a a a
R0e8ojL0vcc_8_14.avi,A man is a a a
JpjAgSvr42k_0_12.avi,A man is a a a
Je3V7U5Ctj4_558_563.avi,A man is a a a
6Q3ltyPJJMQ_67_72.avi,A man is a a a
p6T3XrnYtFk_4_13.avi,A man is a a a
f_CvW22Eauc_16_23.avi,A man is a a a
t4aPGtx7e6k_0_10.avi,A man is a a a
6t0BpjwYKco_217_229.avi,A man is a a a
fHfpMUDrQCs_17_31.avi,A man is a a a
bLqmf8x7rLI_2_8.avi,A man is a a a
btxCxlO1Euc_1_20.avi,A man is a a a
JsD6uEZsIsU_1_47.avi,A man is a a a
eyMYc-37Sk4_0_10.avi,A man is a a a
dc4UltkRJsw_53_59.avi,A man is a a a
pfQPRXcihkI_127_138.avi,A man is a a a
Kxa0mnDj0bs_113_124.avi,A man is a a a
5U3xz9Ovmhk_214_222.avi,A man is a a a
WrsS6X-FB-I_30_47.avi,A man is a a a
BVjvRpmHg0w_157_165.avi,A man is a a a
3opDcpPxllE_50_66.avi,A man is a a a
g2IYQq7IkXc_23_32.avi,A man is a a a
0lh_UWF9ZP4_199_207.avi,A man is a a a
QMJY29QMewQ_42_52.avi,A man is a a a
0hyZ__3YhZc_410_417.avi,A man is a a a
1dfR0A_BXjw_441_448.avi,A man is a a a
lrZxpneS6Gk_0_12.avi,A man is a a a
MPuKVz3sjBA_1_12.avi,A man is a a a
uB9zRlV47qA_17_23.avi,A man is a a a
-rvjK0lE3z4_33_43.avi,A man is a a a
27mxaePkYB4_8_14.avi,A man is a a a
pfQPRXcihkI_160_184.avi,A man is a a a
-_hbPLsZvvo_172_179.avi,A man is a a a
lsanQj2yacs_102_108.avi,A man is a a a
hbE29pZh76I_3_8.avi,A man is a a a
sJC7E06IBXI_49_59.avi,A man is a a a
WTf5EgVY5uU_16_24.avi,A man is a a a
6t0BpjwYKco_15_31.avi,A man is a a a
73vUksucPz8_12_20.avi,A man is a a a
_pj2Nutu5v8_1_8.avi,A man is a a a
Aa7yf9XtcJM_45_50.avi,A man is a a a
nc0fVlaTYEs_34_44.avi,A man is a a a
2jkExrrm_sQ_19_25.avi,A man is a a a
8PQiaurIiDM_173_180.avi,A man is a a a
zHy7pM0U49w_103_109.avi,A man is a a a
UbmZAe5u5FI_16_23.avi,A man is a a a
nTasT5h0LEg_40_43.avi,A man is a a a
Qtu-PXuvCx4_12_17.avi,A man is a a a
ZL7P_XmSnEY_205_209.avi,A man is a a a
dmyz_f8Sx14_56_66.avi,A man is a a a
sRKQfxxEP4M_117_125.avi,A man is a a a
RiglOfJon8I_3_18.avi,A man is a a a
OpR1Er5o6IY_209_217.avi,A man is a a a
9LHg5RUGukI_58_63.avi,A man is a a a
BnJUWwSx1kE_11_22.avi,A man is a a a
7bcV-TL9mho_0_7.avi,A man is a a a
mv89psg6zh4_33_46.avi,A man is a a a
W20Btaww6zc_134_139.avi,A man is a a a
b-d-CxHaKGU_10_30.avi,A man is a a a
8PQiaurIiDM_247_255.avi,A man is a a a
msCidKHOh74_410_418.avi,A man is a a a
9OvXb1fot74_21_29.avi,A man is a a a
D1X6qXkLjYE_41_49.avi,A man is a a a
D1tTBncIsm8_725_740.avi,A man is a a a
pRpeEdMmmQ0_1_18.avi,A man is a a a
c2a0GcoJAjw_107_129.avi,A man is a a a
zhLcONtNkew_16_21.avi,A man is a a a
jfrrO5K_vKM_55_65.avi,A man is a a a
OCcy9TDRGKo_118_127.avi,A man is a a a
sv5YlZspb30_10_20.avi,A man is a a a
onxE6PpEXes_8_25.avi,A man is a a a
WTf5EgVY5uU_32_52.avi,A man is a a a
ngHDYzhDBk4_24_29.avi,A man is a a a
kWLNZzuo3do_154_165.avi,A man is a a a
8MVo7fje_oE_113_118.avi,A man is a a a
7uOiiA4Kxbo_23_35.avi,A man is a a a
lB1UPJ4leqs_0_6.avi,A man is a a a
5AEldiUP408_65_71.avi,A man is a a a
5fDBl1wT2Lk_34_39.avi,A man is a a a
9Wr48VFhZH8_45_50.avi,A man is a a a
hJuqBDw_TT4_14_25.avi,A man is a a a
bK-i_FAcpoY_86_92.avi,A man is a a a
_yUiusXxfWI_150_165.avi,A man is a a a
hM3jzlyNIpc_0_10.avi,A man is a a a
rV5VmhY3-Sw_65_76.avi,A man is a a a
53dc4z7HLyg_16_23.avi,A man is a a a
GMuijLIJH-U_1_10.avi,A man is a a a
8mSUD7JGNO0_174_181.avi,A man is a a a
OE6H_M52Sng_89_97.avi,A man is a a a
0lh_UWF9ZP4_174_178.avi,A man is a a a
X56XkGFe7OY_47_61.avi,A man is a a a
zYcY4mjLpxU_45_55.avi,A man is a a a
j2sOMdilDWU_87_97.avi,A man is a a a
MWzeInQaUk4_12_20.avi,A man is a a a
r0rmrbTb7fU_98_109.avi,A man is a a a
tYh4iDFgmEE_50_54.avi,A man is a a a
TnPOZVHB3x0_45_55.avi,A man is a a a
dP15zlyra3c_0_10.avi,A man is a a a
PJnJMp2ZpbA_3_15.avi,A man is a a a
YmXCfQm0_CA_140_156.avi,A man is a a a
R24RktgUi-s_24_28.avi,A man is a a a
PECk9A-07Pw_1_9.avi,A man is a a a
kWLNZzuo3do_77_83.avi,A man is a a a
zuYZ5kPatJE_78_116.avi,A man is a a a
kEGmZDpZ_RE_352_370.avi,A man is a a a
TZ860P4iTaM_10_24.avi,A man is a a a
Jfu-WkuCgD0_140_150.avi,A man is a a a
AGRFy5hDQiY_31_38.avi,A man is a a a
PHDmVhShE80_20_29.avi,A man is a a a
oDcd2JbOyzg_38_55.avi,A man is a a a
WTf5EgVY5uU_98_104.avi,A man is a a a
t8Nf1MK7lts_0_10.avi,A man is a a a
PeUHy0A1GF0_68_73.avi,A man is a a a
UXs3eq68ZjE_320_325.avi,A man is a a a
VLBsAPZ2DDE_58_64.avi,A man is a a a
hNECyt6Bo0A_5_10.avi,A man is a a a
4R-tumAGrtU_12_22.avi,A man is a a a
bb6V0Grtub4_174_185.avi,A man is a a a
PmrTDZy3f2M_35_39.avi,A man is a a a
nq4hG6qgyPs_240_251.avi,A man is a a a
pRpeEdMmmQ0_65_70.avi,A man is a a a
OIjsSu_I4So_6_10.avi,A man is a a a
IY1Fn796MoY_7_10.avi,A man is a a a
ao-9B8IV9_E_37_44.avi,A man is a a a
3FnUTQMJVXI_31_36.avi,A man is a a a
KpmVL4ANieA_0_9.avi,A man is a a a
-9CUm-2cui8_39_44.avi,A man is a a a
TwQzFqBqgeA_0_10.avi,A man is a a a
1hPxGmTGarM_9_19.avi,A man is a a a
qeKX-N1nKiM_37_43.avi,A man is a a a
1dfR0A_BXjw_545_560.avi,A man is a a a
cs33MNhpRNw_16_21.avi,A man is a a a
WTf5EgVY5uU_108_116.avi,A man is a a a
htry5uxX0-Y_45_52.avi,A man is a a a
a0g7wtBkS98_34_42.avi,A man is a a a
bQJQGoJF7_k_145_153.avi,A man is a a a
RieF9wrFd8s_1_8.avi,A man is a a a
0lh_UWF9ZP4_79_82.avi,A man is a a a
X_NLV2KCnIE_60_70.avi,A man is a a a
qeKX-N1nKiM_106_115.avi,A man is a a a
8BL9qmFRbd4_6_13.avi,A man is a a a
WPG-BIWOrG4_672_677.avi,A man is a a a
KPPCwmU5OHQ_467_472.avi,A man is a a a
yU5sxW9bErQ_0_17.avi,A man is a a a
XNV7hKVu-Xg_40_47.avi,A man is a a a
YUlG_PKzpvc_0_8.avi,A man is a a a
PiyoeFC31kE_9_27.avi,A man is a a a
9zXqkHvs0po_59_65.avi,A man is a a a
L9wD3kw-8FE_65_73.avi,A man is a a a
D1tTBncIsm8_198_205.avi,A man is a a a
mOZkcBcWR8o_6_12.avi,A man is a a a
RMznbCn5sQs_0_10.avi,A man is a a a
SzEbtbNSg04_28_48.avi,A man is a a a
IHIa75B9AhI_2_26.avi,A man is a a a
ZbzDGXEwtGc_6_15.avi,A man is a a a
N5wsl86P37Q_1_15.avi,A man is a a a
8PQiaurIiDM_94_99.avi,A man is a a a
05gNigkqfNU_78_84.avi,A man is a a a
uqVCk2oDpSE_194_200.avi,A man is a a a
4Hhdr1IPOGs_1_10.avi,A man is a a a
Afmc6FeN-hM_20_24.avi,A man is a a a
LjimLwAhAOQ_5_15.avi,A man is a a a
cSDkshD2ME0_12_15.avi,A man is a a a
f_GnkweYzzI_35_41.avi,A man is a a a
kWLNZzuo3do_38_42.avi,A man is a a a
jxdubZzQrio_33_46.avi,A man is a a a
itxzpFW1z7E_22_36.avi,A man is a a a
kWLNZzuo3do_86_93.avi,A man is a a a
O9cOSO9L8Zs_1_16.avi,A man is a a a
oSnYUfCGiCA_7_17.avi,A man is a a a
iwpnUHFhjWc_9_14.avi,A man is a a a
po2tcrG6KzM_2_8.avi,A man is a a a
Je3V7U5Ctj4_582_587.avi,A man is a a a
3lBHYoI5V8s_30_45.avi,A man is a a a
TjLCJKoot4U_43_65.avi,A man is a a a
47D9-U8hn5I_11_16.avi,A man is a a a
YXixZrSxefk_6_15.avi,A man is a a a
msCidKHOh74_392_399.avi,A man is a a a
nULE40HEWpA_5_11.avi,A man is a a a
klFyrnrUSck_42_46.avi,A man is a a a
m4D72WXFd8s_557_564.avi,A man is a a a
WPG-BIWOrG4_683_689.avi,A man is a a a
o4pL7FObqds_137_147.avi,A man is a a a
4QdX5Q3qQsQ_6_14.avi,A man is a a a
W6_XuNhgtrM_2_5.avi,A man is a a a
C9LHk0AJI7U_196_205.avi,A man is a a a
F1BwUJ4--Qw_21_38.avi,A man is a a a
rVFJzN20jhQ_27_32.avi,A man is a a a
zHy7pM0U49w_110_116.avi,A man is a a a
c75SIlAjfjg_6_14.avi,A man is a a a
HypgcCT1r68_38_46.avi,A man is a a a
a8PAY4rvzRM_1_10.avi,A man is a a a
zbAk0gX7kas_16_24.avi,A man is a a a
iCiGjZEV7VI_65_75.avi,A man is a a a
WAa4-cctmDk_55_70.avi,A man is a a a
ItFqogTmAvQ_361_365.avi,A man is a a a
fgWFxFg7-GU_10_26.avi,A man is a a a
3_51FhosiVY_93_101.avi,A man is a a a
Tm1HjqK0ABg_9_15.avi,A man is a a a
p6cg2jWI34M_34_42.avi,A man is a a a
hReROJQpSow_24_30.avi,A man is a a a
-t-ZWaJeH-o_0_15.avi,A man is a a a
bnN_o0Hkn3M_73_80.avi,A man is a a a
2LgrGHWSy6k_122_135.avi,A man is a a a
xEDCfcMZlZY_37_41.avi,A man is a a a
onW5hJXnI5s_126_133.avi,A man is a a a
9LSuyLyuUiM_3_6.avi,A man is a a a
ao-9B8IV9_E_77_81.avi,A man is a a a
vDhEpqfhVI0_0_8.avi,A man is a a a
GcfWD62sbcs_13_33.avi,A man is a a a
yfMTsYcLt10_0_7.avi,A man is a a a
t3VPeyYL-fI_35_39.avi,A man is a a a
1dYpcVv6n3Y_0_18.avi,A man is a a a
6eokrw6_bjU_1_9.avi,A man is a a a
i2sRHf9m5KM_28_42.avi,A man is a a a
sBjr8UJOpsQ_149_169.avi,A man is a a a
xxHx6s_DbUo_82_86.avi,A man is a a a
Zg0p5TXi_Cc_30_46.avi,A man is a a a
c51L6ZxZGjQ_137_154.avi,A man is a a a
LYSPQqUvNO0_43_57.avi,A man is a a a
DB-3-TVjrxU_58_75.avi,A man is a a a
0M-PyX2DbZc_25_31.avi,A man is a a a
wSwwS_0MKEc_68_78.avi,A man is a a a
nlU3crMsbWI_19_23.avi,A man is a a a
6owu8Mow0_g_527_534.avi,A man is a a a
CBD9h0jUq3w_1_7.avi,A man is a a a
mJ9eRvxjLc4_0_16.avi,A man is a a a
P4IjNV3lZkQ_136_144.avi,A man is a a a
UXs3eq68ZjE_280_285.avi,A man is a a a
5U3xz9Ovmhk_258_265.avi,A man is a a a
u9prcUCHlqM_73_80.avi,A man is a a a
k9Brw_0gncU_14_33.avi,A man is a a a
ok4cM6WTA5E_120_133.avi,A man is a a a
POv7JaE3vJ8_40_50.avi,A man is a a a
KFt5Zz5Mwlo_12_30.avi,A man is a a a
5CU2JhYM8tY_14_45.avi,A man is a a a
G-M78KIy19E_315_330.avi,A man is a a a
_sJ_09Mf1HY_49_72.avi,A man is a a a
uAaWVeaYLdQ_1_12.avi,A man is a a a
kWLNZzuo3do_217_222.avi,A man is a a a
iuqVpMdb1NM_35_43.avi,A man is a a a
-_hbPLsZvvo_43_55.avi,A man is a a a
oG6LLGi_n48_51_55.avi,A man is a a a
8jP8CC2rKj4_80_88.avi,A man is a a a
HxRK-WqZ5Gk_30_50.avi,A man is a a a
4ge5_V-xhP0_138_142.avi,A man is a a a
8NFoN0K3bPg_20_28.avi,A man is a a a
e-j59PqJjSM_264_277.avi,A man is a a a
6gQu8PWhFoQ_37_41.avi,A man is a a a
-uT_1VDvXok_8_15.avi,A man is a a a
iLr7ZHAq1ro_7_11.avi,A man is a a a
xxHx6s_DbUo_182_186.avi,A man is a a a
6vSKIUGGLvY_81_87.avi,A man is a a a
fVWUaH2mCt4_1_7.avi,A man is a a a
vz71JKcpeUU_0_10.avi,A man is a a a
YndZ9YulpTo_61_76.avi,A man is a a a
_O9kWD8nuRU_16_23.avi,A man is a a a
7xNG7qGY9rw_14_29.avi,A man is a a a
kzyFBlNRohs_82_88.avi,A man is a a a
wX-Bl25Htag_104_115.avi,A man is a a a
ogcqFaNbah4_475_487.avi,A man is a a a
SKhmFSV-XB0_12_18.avi,A man is a a a
ETUJipdnfOM_0_5.avi,A man is a a a
Vg1jyL3cr60_163_186.avi,A man is a a a
nohvigNMsbo_199_207.avi,A man is a a a
UJKythlXAIY_17_21.avi,A man is a a a
RQYLGNbal2c_5_10.avi,A man is a a a
f-24IxG9ijw_25_40.avi,A man is a a a
VahnQw2gTQY_203_210.avi,A man is a a a
qeKX-N1nKiM_52_59.avi,A man is a a a
0hyZ__3YhZc_632_637.avi,A man is a a a
g9aZcaEg7iY_0_9.avi,A man is a a a
JYNzY9jmsQQ_2_10.avi,A man is a a a
EPXsiQw9vvo_1_12.avi,A man is a a a
YmXCfQm0_CA_109_120.avi,A man is a a a
fIaLVw_Gc_w_99_109.avi,A man is a a a
SFFfhAUEoj0_10_16.avi,A man is a a a
ViWQUOGIaSU_9_16.avi,A man is a a a
4yYapi-5QYQ_33_57.avi,A man is a a a
JAFGw0WRHHU_108_116.avi,A man is a a a
UXs3eq68ZjE_498_504.avi,A man is a a a
Q6HuQEIJqcA_9_16.avi,A man is a a a
Jj4uYHr65H8_28_35.avi,A man is a a a
ptHkvYrH9fY_2_10.avi,A man is a a a
ywHBKayhyvQ_19_28.avi,A man is a a a
clpgffj3sUw_1_12.avi,A man is a a a
1qV4wfjTYIo_151_164.avi,A man is a a a
lfGlDg47How_361_367.avi,A man is a a a
TgFmoZj3NoM_10_18.avi,A man is a a a
g36ho6UrBz0_5_20.avi,A man is a a a
H1Bok7Dg7g8_21_26.avi,A man is a a a
6owu8Mow0_g_275_280.avi,A man is a a a
yC4eEuURH8c_19_28.avi,A man is a a a
TXabUVUxJqI_22_31.avi,A man is a a a
WTf5EgVY5uU_58_76.avi,A man is a a a
9d57lHEsLU8_1_14.avi,A man is a a a
RvJH_POzxmc_10_25.avi,A man is a a a
q8t7iSGAKik_57_74.avi,A man is a a a
lSnWhsmlGec_5_10.avi,A man is a a a
WTf5EgVY5uU_76_83.avi,A man is a a a
DGQL5lx-mwE_2_12.avi,A man is a a a
3ytUOoa1SBE_12_23.avi,A man is a a a
hJFBXHtxKIc_298_303.avi,A man is a a a
klFyrnrUSck_25_36.avi,A man is a a a
e996zZ0uV_A_196_204.avi,A man is a a a
UbmZAe5u5FI_88_98.avi,A man is a a a
KqKUXRHHkCc_101_105.avi,A man is a a a
ACOmKiJDkA4_67_74.avi,A man is a a a
xTd_IdIcB4s_2_10.avi,A man is a a a
fY0lZTWlBAg_470_485.avi,A man is a a a
gjVBEJGHrXk_26_38.avi,A man is a a a
4MjTb5A68VA_111_118.avi,A man is a a a
IAvBB2lv8iw_142_148.avi,A man is a a a
Je3V7U5Ctj4_956_961.avi,A man is a a a
6t0BpjwYKco_118_127.avi,A man is a a a
bXsKw3TOQXs_30_55.avi,A man is a a a
PeUHy0A1GF0_78_85.avi,A man is a a a
omIPdpxg--4_39_46.avi,A man is a a a
PAN5IVvMlVc_17_23.avi,A man is a a a
SzEbtbNSg04_88_93.avi,A man is a a a
CgWYN5e9K10_30_62.avi,A man is a a a
nZSFn51l3hc_660_666.avi,A man is a a a
-_hbPLsZvvo_19_25.avi,A man is a a a
2F9jX7u5nOg_114_130.avi,A man is a a a
IhwPQL9dFYc_50_59.avi,A man is a a a
m1NR0uNNs5Y_88_94.avi,A man is a a a
OfgSCMxttCc_86_92.avi,A man is a a a
-zOrV-5vh1A_69_76.avi,A man is a a a
9Bxknsvy3jQ_53_58.avi,A man is a a a
06CbMa0kDr8_3_13.avi,A man is a a a
hJFBXHtxKIc_317_322.avi,A man is a a a
0hyZ__3YhZc_575_580.avi,A man is a a a
k-SWy-sU8cE_5_10.avi,A man is a a a
TdYN7cePiRI_6_13.avi,A man is a a a
pmEKZ6yVewc_0_10.avi,A man is a a a
Ylb4pnW-jP4_102_113.avi,A man is a a a
qeKX-N1nKiM_68_72.avi,A man is a a a
0lh_UWF9ZP4_178_182.avi,A man is a a a
6owu8Mow0_g_692_697.avi,A man is a a a
k4hhWYtaQ14_0_10.avi,A man is a a a
J8cP93yG1Ao_14_24.avi,A man is a a a
AXL1oMdCFUM_45_59.avi,A man is a a a
nTUONeDqhdk_10_15.avi,A man is a a a
S-Civm_fbK8_20_26.avi,A man is a a a
97JhYpoWxzY_0_4.avi,A man is a a a
9xVqwy_4pmQ_36_49.avi,A man is a a a
6owu8Mow0_g_850_855.avi,A man is a a a
PslVHtXc7Tg_8_14.avi,A man is a a a
504gE1DA_4g_1_6.avi,A man is a a a
2YhDTpzxd3c_174_180.avi,A man is a a a
MSrJTeKNzdI_32_36.avi,A man is a a a
LwvyrDxM2G0_0_11.avi,A man is a a a
2mUMTFnQWaw_1_9.avi,A man is a a a
AX38yo7Wuws_81_91.avi,A man is a a a
QVSt5USMkMg_43_50.avi,A man is a a a
xEDCfcMZlZY_91_100.avi,A man is a a a
De815YpTBic_41_48.avi,A man is a a a
zlS1_zBYluY_15_21.avi,A man is a a a
mYzajpeAWuA_100_112.avi,A man is a a a
b4FM9OLBGyM_37_49.avi,A man is a a a
VahnQw2gTQY_322_327.avi,A man is a a a
nb12bAaKzvA_0_10.avi,A man is a a a
wLUH7qA_6sA_90_115.avi,A man is a a a
5QJf-l4lPJw_133_138.avi,A man is a a a
7ZE2OzguWHo_28_38.avi,A man is a a a
MoqC84sXu88_47_59.avi,A man is a a a
PBHZtoygOYg_450_465.avi,A man is a a a
pDvzOLRLjPc_0_8.avi,A man is a a a
r4qv_BNlQNk_93_98.avi,A man is a a a
ACOmKiJDkA4_121_128.avi,A man is a a a
UXs3eq68ZjE_255_260.avi,A man is a a a
eoP-SCgYM2w_49_60.avi,A man is a a a
MMnnqzOoMF0_68_72.avi,A man is a a a
sBjr8UJOpsQ_181_195.avi,A man is a a a
rw9h_574HxE_161_166.avi,A man is a a a
JsmHZlUgf1w_0_21.avi,A man is a a a
2YhDTpzxd3c_115_120.avi,A man is a a a
eZLxohGP4IE_190_201.avi,A man is a a a
rwHT2SuNOi8_195_201.avi,A man is a a a
tZmDWltBziM_42_47.avi,A man is a a a
4cgzdXlJksU_83_90.avi,A man is a a a
ao-9B8IV9_E_217_221.avi,A man is a a a
2YhDTpzxd3c_102_105.avi,A man is a a a
45AGQSbodbU_5_15.avi,A man is a a a
K-KVz3eqbnA_1_10.avi,A man is a a a
e996zZ0uV_A_68_72.avi,A man is a a a
ljGcQocjSs4_38_60.avi,A man is a a a
5dv8MSWlxoQ_10_40.avi,A man is a a a
muI1BFsdbdo_33_45.avi,A man is a a a
2F9jX7u5nOg_83_97.avi,A man is a a a
nwk4m329bLw_2_10.avi,A man is a a a
ngHDYzhDBk4_5_14.avi,A man is a a a
ibSwITK4jjQ_14_24.avi,A man is a a a
Mutb8BHFvzk_15_20.avi,A man is a a a
0wutCy2ZGOQ_4_10.avi,A man is a a a
j4dMnAPZu70_12_17.avi,A man is a a a
4Hhdr1IPOGs_90_98.avi,A man is a a a
klFyrnrUSck_13_19.avi,A man is a a a
p7IAuvd87hQ_12_19.avi,A man is a a a
Qjbcibrv3L0_26_32.avi,A man is a a a
WTf5EgVY5uU_33_39.avi,A man is a a a
v-9Gx0gJmfo_91_99.avi,A man is a a a
UbmZAe5u5FI_60_70.avi,A man is a a a
IhzXQ-gc9IQ_125_129.avi,A man is a a a
PHDmVhShE80_82_86.avi,A man is a a a
WFNXwor69-U_33_40.avi,A man is a a a
jLgmCY1fEE8_16_26.avi,A man is a a a
